Date,city,dose1_all,dose1_all_c,dose1_all_c_prcent,dose1_youth,dose1_youth_c,dose1_youth_c_prcent,dose1_senior,dose1_senior_c,dose1_senior_c_prcent,pop_all,pop_youth,pop_senior
2021-08-18,Agoura Hills,15,14609,77.2%,0,1216,82.6%,2,3581,96.9%,18920,1473,3696
2021-08-18,Alhambra,70,61028,79.9%,4,3580,70.9%,6,13010,88.1%,76362,5049,14764
2021-08-18,Arcadia,39,43510,81.3%,NA,3830,99.8%,4,9511,87.0%,53504,3838,10938
2021-08-18,Artesia,21,11725,77.9%,6,784,67.2%,0,2499,94.8%,15043,1166,2636
2021-08-18,Avalon,0,686,21.0%,0,20,7.5%,0,163,27.3%,3266,266,596
2021-08-18,Azusa,72,28075,63.9%,12,2046,49.3%,7,4771,87.1%,43954,4149,5478
2021-08-18,Baldwin Park,137,48219,74.1%,42,3808,55.9%,3,8555,98.9%,65069,6816,8648
2021-08-18,Bell,40,19977,66.1%,5,1889,54.1%,4,2907,87.9%,30235,3489,3306
2021-08-18,Bell Gardens,72,23299,66.5%,17,2265,53.7%,NA,3195,100.0%,35056,4216,3196
2021-08-18,Bellflower,106,43764,66.3%,9,3399,52.9%,5,7728,83.6%,65994,6430,9243
2021-08-18,Beverly Hills,15,25570,81.0%,4,1548,80.7%,2,6961,99.6%,31578,1919,6990
2021-08-18,Burbank,91,70557,75.2%,12,4245,65.3%,7,14055,86.4%,93794,6505,16273
2021-08-18,Calabasas,15,17208,78.6%,3,1637,85.6%,2,4269,99.6%,21901,1913,4285
2021-08-18,Carson,97,62325,76.1%,14,4257,64.7%,7,14886,94.7%,81850,6578,15713
2021-08-18,Cerritos,46,38841,83.1%,14,2994,96.2%,5,10932,91.6%,46721,3113,11939
2021-08-18,Claremont,19,22778,67.5%,1,1724,82.5%,2,6435,93.2%,33721,2089,6907
2021-08-18,Commerce,37,9181,84.1%,14,898,78.9%,0,1533,98.7%,10917,1138,1553
2021-08-18,Compton,200,49001,61.0%,48,4637,48.8%,9,7401,86.5%,80305,9496,8557
2021-08-18,Covina,74,31683,75.0%,6,2211,62.1%,6,6297,89.5%,42217,3558,7033
2021-08-18,Cudahy,27,13148,66.2%,3,1353,56.7%,1,1514,85.2%,19865,2388,1778
2021-08-18,Culver City,28,31223,88.2%,5,2149,84.1%,4,6601,92.3%,35395,2555,7150
2021-08-18,Diamond Bar,44,41144,79.2%,7,3063,91.6%,3,9216,90.1%,51968,3345,10228
2021-08-18,Downey,150,71517,73.5%,35,5525,61.5%,10,12859,91.7%,97261,8989,14024
2021-08-18,Duarte,18,14604,76.0%,0,901,57.9%,2,3719,92.0%,19209,1555,4042
2021-08-18,El Monte,139,71209,72.0%,36,5476,54.6%,5,12865,90.6%,98853,10027,14203
2021-08-18,El Segundo,16,13032,86.3%,NA,1077,100.0%,2,2078,91.5%,15096,1077,2272
2021-08-18,Gardena,69,38869,73.8%,14,2264,52.3%,3,8946,87.9%,52660,4325,10175
2021-08-18,Glendale,216,114999,62.2%,21,5739,49.6%,21,28000,74.7%,184755,11563,37486
2021-08-18,Glendora,58,33286,71.7%,8,2326,66.0%,4,8112,93.5%,46407,3524,8680
2021-08-18,Hawaiian Gardens,22,8023,66.4%,9,624,46.3%,2,1334,85.0%,12077,1349,1570
2021-08-18,Hawthorne,110,48569,66.6%,13,3644,50.8%,5,7514,83.1%,72950,7170,9040
2021-08-18,Hermosa Beach,14,14356,81.7%,2,995,84.2%,NA,2303,99.7%,17571,1182,2309
2021-08-18,Hidden Hills,3,1236,70.3%,NA,127,100.0%,0,301,76.0%,1758,127,396
2021-08-18,Huntington Park,79,32517,66.2%,12,2963,53.4%,7,4728,88.9%,49109,5545,5321
2021-08-18,Inglewood,154,61616,64.6%,26,4504,50.1%,11,12001,88.3%,95382,8997,13587
2021-08-18,Irwindale,4,1248,93.7%,0,94,78.3%,0,210,96.8%,1332,120,217
2021-08-18,La Canada Flintridge,8,15763,82.1%,NA,1382,99.6%,0,3858,91.1%,19192,1387,4237
2021-08-18,La Habra Heights,3,3375,66.2%,0,200,62.9%,1,1010,70.0%,5097,318,1442
2021-08-18,La Mirada,43,30571,69.5%,9,1874,58.8%,6,7665,93.7%,43990,3187,8182
2021-08-18,La Puente,64,24514,71.1%,6,1887,54.8%,3,4291,91.6%,34490,3441,4683
2021-08-18,La Verne,26,20016,66.5%,8,1143,52.7%,4,6242,93.3%,30097,2170,6693
2021-08-18,Lakewood,124,51536,73.0%,27,3532,59.8%,5,10483,86.6%,70616,5905,12110
2021-08-18,Lancaster,215,74230,55.2%,48,6078,42.6%,13,14193,84.4%,134419,14277,16810
2021-08-18,Lawndale,45,19971,70.6%,13,1656,60.1%,1,2808,81.2%,28284,2756,3460
2021-08-18,Lomita,14,12585,70.2%,3,758,52.3%,1,2998,89.0%,17918,1449,3370
2021-08-18,Long Beach,613,278882,68.9%,148,17675,50.1%,31,51385,90.8%,404580,35245,56619
2021-08-18,Lynwood,109,38081,65.3%,32,3590,52.4%,4,5478,99.8%,58354,6850,5487
2021-08-18,Malibu,10,7063,61.7%,1,394,52.5%,1,2208,71.6%,11447,750,3085
2021-08-18,Manhattan Beach,16,26916,84.5%,6,2731,87.5%,NA,5748,100.0%,31855,3122,5748
2021-08-18,Maywood,30,14952,65.4%,9,1415,51.9%,0,2174,95.1%,22856,2725,2285
2021-08-18,Monrovia,32,24722,75.0%,3,1638,60.1%,6,5036,89.1%,32973,2724,5653
2021-08-18,Montebello,64,39469,71.6%,7,2866,55.7%,6,8446,86.1%,55095,5149,9814
2021-08-18,Monterey Park,59,47814,86.7%,7,2882,80.3%,5,11130,85.2%,55132,3587,13057
2021-08-18,Norwalk,139,64830,71.4%,24,4836,55.6%,11,11813,90.3%,90824,8698,13089
2021-08-18,Palmdale,229,84345,64.0%,56,8137,56.1%,8,13651,88.9%,131811,14513,15359
2021-08-18,Palos Verdes Estates,20,10033,79.4%,13,910,96.9%,0,3342,90.4%,12635,939,3695
2021-08-18,Paramount,81,30237,66.0%,12,2915,56.5%,1,4327,90.1%,45813,5157,4800
2021-08-18,Pasadena,136,100992,79.6%,17,5418,59.2%,11,21891,96.0%,126923,9152,22815
2021-08-18,Pico Rivera,81,40855,74.7%,14,3080,59.7%,2,8409,96.2%,54715,5157,8742
2021-08-18,Pomona,201,85412,66.2%,28,6743,50.9%,11,14121,90.1%,128928,13240,15668
2021-08-18,Rancho Palos Verdes,51,31245,79.2%,22,2693,92.6%,10,9706,92.8%,39438,2908,10456
2021-08-18,Redondo Beach,35,47985,81.8%,4,3516,79.5%,1,9430,96.3%,58665,4424,9791
2021-08-18,Rolling Hills,8,1293,71.1%,3,87,89.7%,2,503,86.9%,1819,97,579
2021-08-18,Rolling Hills Estates,12,6626,86.0%,7,598,98.2%,1,2121,98.7%,7702,609,2149
2021-08-18,Rosemead,36,39376,81.1%,6,2718,69.2%,2,8018,89.6%,48554,3926,8950
2021-08-18,San Dimas,24,21520,69.0%,7,1249,58.7%,0,6066,86.1%,31193,2128,7042
2021-08-18,San Fernando,30,14818,70.7%,5,1351,59.6%,1,2352,91.4%,20965,2267,2574
2021-08-18,San Gabriel,31,30637,84.4%,8,1981,76.2%,2,6043,87.1%,36321,2600,6941
2021-08-18,San Marino,3,10221,83.2%,2,1047,92.7%,0,2676,96.3%,12278,1130,2778
2021-08-18,Santa Clarita,225,140071,74.3%,29,11625,64.9%,NA,25537,100.0%,188565,17905,25541
2021-08-18,Santa Fe Springs,29,11600,72.9%,2,868,60.8%,1,2346,82.0%,15903,1428,2862
2021-08-18,Santa Monica,65,69895,82.9%,13,3784,92.3%,13,15117,95.9%,84349,4098,15757
2021-08-18,Sierra Madre,5,8205,82.0%,1,647,86.6%,0,2475,95.2%,10002,747,2601
2021-08-18,Signal Hill,10,7463,75.3%,0,445,51.7%,0,1401,92.0%,9907,861,1523
2021-08-18,South El Monte,34,12781,72.0%,10,1004,53.2%,2,2236,93.9%,17745,1887,2381
2021-08-18,South Gate,135,56721,70.7%,24,5146,58.3%,4,9039,98.1%,80283,8828,9210
2021-08-18,South Pasadena,13,19966,85.4%,NA,1870,99.7%,1,3804,92.3%,23381,1875,4123
2021-08-18,Temple City,36,27192,82.3%,6,2192,92.3%,1,5900,83.9%,33037,2376,7036
2021-08-18,Torrance,134,105156,80.0%,25,7503,74.0%,10,24677,98.9%,131421,10144,24948
2021-08-18,Walnut,26,22701,80.7%,NA,1666,99.6%,5,5736,91.9%,28130,1672,6239
2021-08-18,West Covina,128,72592,77.3%,26,5012,64.7%,8,15379,91.9%,93958,7743,16737
2021-08-18,West Hollywood,23,26721,77.0%,1,308,61.2%,1,4267,78.1%,34698,503,5467
2021-08-18,Westlake Village,10,5930,76.5%,0,407,79.0%,1,2036,94.7%,7749,515,2149
2021-08-18,Whittier,104,52966,70.4%,14,4030,58.8%,6,10689,90.6%,75214,6850,11804
2021-08-19,Agoura Hills,21,14630,77.3%,6,1222,83.0%,1,3582,96.9%,18920,1473,3696
2021-08-19,Alhambra,83,61111,80.0%,4,3584,71.0%,11,13021,88.2%,76362,5049,14764
2021-08-19,Arcadia,26,43536,81.4%,NA,3830,99.8%,4,9515,87.0%,53504,3838,10938
2021-08-19,Artesia,27,11752,78.1%,6,790,67.8%,3,2502,94.9%,15043,1166,2636
2021-08-19,Avalon,12,698,21.4%,0,20,7.5%,0,163,27.3%,3266,266,596
2021-08-19,Azusa,68,28143,64.0%,13,2059,49.6%,4,4775,87.2%,43954,4149,5478
2021-08-19,Baldwin Park,122,48341,74.3%,32,3840,56.3%,4,8559,99.0%,65069,6816,8648
2021-08-19,Bell,31,20008,66.2%,9,1898,54.4%,1,2908,88.0%,30235,3489,3306
2021-08-19,Bell Gardens,58,23357,66.6%,19,2284,54.2%,NA,3195,100.0%,35056,4216,3196
2021-08-19,Bellflower,111,43875,66.5%,21,3420,53.2%,4,7732,83.7%,65994,6430,9243
2021-08-19,Beverly Hills,37,25607,81.1%,7,1555,81.0%,5,6966,99.7%,31578,1919,6990
2021-08-19,Burbank,113,70670,75.3%,17,4262,65.5%,13,14068,86.4%,93794,6505,16273
2021-08-19,Calabasas,19,17227,78.7%,3,1640,85.7%,2,4271,99.7%,21901,1913,4285
2021-08-19,Carson,107,62432,76.3%,19,4276,65.0%,10,14896,94.8%,81850,6578,15713
2021-08-19,Cerritos,40,38881,83.2%,13,3007,96.6%,0,10932,91.6%,46721,3113,11939
2021-08-19,Claremont,36,22814,67.7%,8,1732,82.9%,1,6436,93.2%,33721,2089,6907
2021-08-19,Commerce,19,9200,84.3%,4,902,79.3%,0,1533,98.7%,10917,1138,1553
2021-08-19,Compton,154,49155,61.2%,24,4661,49.1%,7,7408,86.6%,80305,9496,8557
2021-08-19,Covina,48,31731,75.2%,6,2217,62.3%,4,6301,89.6%,42217,3558,7033
2021-08-19,Cudahy,28,13176,66.3%,3,1356,56.8%,0,1514,85.2%,19865,2388,1778
2021-08-19,Culver City,28,31251,88.3%,9,2158,84.5%,0,6601,92.3%,35395,2555,7150
2021-08-19,Diamond Bar,27,41171,79.2%,2,3065,91.6%,3,9219,90.1%,51968,3345,10228
2021-08-19,Downey,157,71674,73.7%,17,5542,61.7%,8,12867,91.7%,97261,8989,14024
2021-08-19,Duarte,20,14624,76.1%,2,903,58.1%,4,3723,92.1%,19209,1555,4042
2021-08-19,El Monte,141,71350,72.2%,35,5511,55.0%,4,12869,90.6%,98853,10027,14203
2021-08-19,El Segundo,18,13050,86.4%,NA,1077,100.0%,0,2078,91.5%,15096,1077,2272
2021-08-19,Gardena,87,38956,74.0%,15,2279,52.7%,4,8950,88.0%,52660,4325,10175
2021-08-19,Glendale,176,115175,62.3%,10,5749,49.7%,23,28023,74.8%,184755,11563,37486
2021-08-19,Glendora,66,33352,71.9%,15,2341,66.4%,8,8120,93.5%,46407,3524,8680
2021-08-19,Hawaiian Gardens,25,8048,66.6%,5,629,46.6%,1,1335,85.0%,12077,1349,1570
2021-08-19,Hawthorne,123,48692,66.7%,20,3664,51.1%,4,7518,83.2%,72950,7170,9040
2021-08-19,Hermosa Beach,14,14370,81.8%,1,996,84.3%,NA,2303,99.7%,17571,1182,2309
2021-08-19,Hidden Hills,1,1237,70.4%,NA,127,100.0%,0,301,76.0%,1758,127,396
2021-08-19,Huntington Park,68,32585,66.4%,10,2973,53.6%,1,4729,88.9%,49109,5545,5321
2021-08-19,Inglewood,166,61782,64.8%,37,4541,50.5%,9,12010,88.4%,95382,8997,13587
2021-08-19,Irwindale,2,1250,93.8%,0,94,78.3%,0,210,96.8%,1332,120,217
2021-08-19,La Canada Flintridge,9,15772,82.2%,NA,1382,99.6%,1,3859,91.1%,19192,1387,4237
2021-08-19,La Habra Heights,7,3382,66.4%,1,201,63.2%,0,1010,70.0%,5097,318,1442
2021-08-19,La Mirada,47,30618,69.6%,8,1882,59.1%,3,7668,93.7%,43990,3187,8182
2021-08-19,La Puente,40,24554,71.2%,7,1894,55.0%,0,4291,91.6%,34490,3441,4683
2021-08-19,La Verne,20,20036,66.6%,4,1147,52.9%,3,6245,93.3%,30097,2170,6693
2021-08-19,Lakewood,108,51644,73.1%,23,3555,60.2%,4,10487,86.6%,70616,5905,12110
2021-08-19,Lancaster,212,74442,55.4%,30,6108,42.8%,5,14198,84.5%,134419,14277,16810
2021-08-19,Lawndale,37,20008,70.7%,3,1659,60.2%,1,2809,81.2%,28284,2756,3460
2021-08-19,Lomita,10,12595,70.3%,4,762,52.6%,0,2998,89.0%,17918,1449,3370
2021-08-19,Long Beach,652,279534,69.1%,187,17862,50.7%,26,51411,90.8%,404580,35245,56619
2021-08-19,Lynwood,77,38158,65.4%,17,3607,52.7%,3,5481,99.9%,58354,6850,5487
2021-08-19,Malibu,4,7067,61.7%,0,394,52.5%,2,2210,71.6%,11447,750,3085
2021-08-19,Manhattan Beach,15,26931,84.5%,4,2735,87.6%,NA,5748,100.0%,31855,3122,5748
2021-08-19,Maywood,26,14978,65.5%,1,1416,52.0%,2,2176,95.2%,22856,2725,2285
2021-08-19,Monrovia,34,24756,75.1%,5,1643,60.3%,1,5037,89.1%,32973,2724,5653
2021-08-19,Montebello,81,39550,71.8%,15,2881,56.0%,2,8448,86.1%,55095,5149,9814
2021-08-19,Monterey Park,64,47878,86.8%,3,2885,80.4%,6,11136,85.3%,55132,3587,13057
2021-08-19,Norwalk,126,64956,71.5%,25,4861,55.9%,4,11817,90.3%,90824,8698,13089
2021-08-19,Palmdale,279,84624,64.2%,63,8200,56.5%,13,13664,89.0%,131811,14513,15359
2021-08-19,Palos Verdes Estates,10,10043,79.5%,5,915,97.4%,3,3345,90.5%,12635,939,3695
2021-08-19,Paramount,82,30319,66.2%,11,2926,56.7%,4,4331,90.2%,45813,5157,4800
2021-08-19,Pasadena,128,101120,79.7%,25,5443,59.5%,9,21900,96.0%,126923,9152,22815
2021-08-19,Pico Rivera,121,40976,74.9%,36,3116,60.4%,6,8415,96.3%,54715,5157,8742
2021-08-19,Pomona,229,85641,66.4%,36,6779,51.2%,11,14132,90.2%,128928,13240,15668
2021-08-19,Rancho Palos Verdes,26,31271,79.3%,8,2701,92.9%,5,9711,92.9%,39438,2908,10456
2021-08-19,Redondo Beach,50,48035,81.9%,7,3523,79.6%,7,9437,96.4%,58665,4424,9791
2021-08-19,Rolling Hills,1,1294,71.1%,0,87,89.7%,0,503,86.9%,1819,97,579
2021-08-19,Rolling Hills Estates,7,6633,86.1%,3,601,98.7%,2,2123,98.8%,7702,609,2149
2021-08-19,Rosemead,37,39413,81.2%,5,2723,69.4%,2,8020,89.6%,48554,3926,8950
2021-08-19,San Dimas,28,21548,69.1%,3,1252,58.8%,6,6072,86.2%,31193,2128,7042
2021-08-19,San Fernando,19,14837,70.8%,5,1356,59.8%,0,2352,91.4%,20965,2267,2574
2021-08-19,San Gabriel,32,30669,84.4%,2,1983,76.3%,4,6047,87.1%,36321,2600,6941
2021-08-19,San Marino,9,10230,83.3%,2,1049,92.8%,1,2677,96.4%,12278,1130,2778
2021-08-19,Santa Clarita,232,140303,74.4%,34,11659,65.1%,NA,25537,100.0%,188565,17905,25541
2021-08-19,Santa Fe Springs,25,11625,73.1%,7,875,61.3%,3,2349,82.1%,15903,1428,2862
2021-08-19,Santa Monica,68,69963,82.9%,7,3791,92.5%,7,15124,96.0%,84349,4098,15757
2021-08-19,Sierra Madre,9,8214,82.1%,2,649,86.9%,0,2475,95.2%,10002,747,2601
2021-08-19,Signal Hill,11,7474,75.4%,3,448,52.0%,0,1401,92.0%,9907,861,1523
2021-08-19,South El Monte,27,12808,72.2%,5,1009,53.5%,1,2237,94.0%,17745,1887,2381
2021-08-19,South Gate,131,56852,70.8%,20,5166,58.5%,2,9041,98.2%,80283,8828,9210
2021-08-19,South Pasadena,21,19987,85.5%,NA,1870,99.7%,3,3807,92.3%,23381,1875,4123
2021-08-19,Temple City,27,27219,82.4%,1,2193,92.3%,3,5903,83.9%,33037,2376,7036
2021-08-19,Torrance,123,105279,80.1%,27,7530,74.2%,10,24687,99.0%,131421,10144,24948
2021-08-19,Walnut,20,22721,80.8%,NA,1666,99.6%,2,5738,92.0%,28130,1672,6239
2021-08-19,West Covina,124,72716,77.4%,21,5033,65.0%,9,15388,91.9%,93958,7743,16737
2021-08-19,West Hollywood,20,26741,77.1%,1,309,61.4%,5,4272,78.1%,34698,503,5467
2021-08-19,Westlake Village,4,5934,76.6%,1,408,79.2%,2,2038,94.8%,7749,515,2149
2021-08-19,Whittier,110,53076,70.6%,22,4052,59.2%,5,10694,90.6%,75214,6850,11804
2021-08-18,Acton,3,3274,45.0%,1,160,32.9%,0,923,63.3%,7269,486,1458
2021-08-18,Agua Dulce,7,1998,51.6%,1,96,43.0%,1,638,69.0%,3871,223,925
2021-08-18,Altadena,36,29524,75.8%,7,2111,66.7%,9,7514,92.4%,38928,3164,8134
2021-08-18,Anaverde,0,710,52.7%,0,38,34.9%,0,186,66.7%,1347,109,279
2021-08-18,Angeles National Forest,3,829,73.0%,NA,60,98.4%,0,172,81.5%,1136,61,211
2021-08-18,Athens Village,7,2904,71.7%,0,235,58.0%,NA,493,100.0%,4048,405,493
2021-08-18,Westmont,64,20133,57.1%,9,1668,43.6%,4,3662,82.6%,35234,3827,4431
2021-08-18,Avocado Heights,4,4026,69.7%,0,329,55.2%,0,670,83.9%,5780,596,799
2021-08-18,Bassett,17,9345,74.3%,2,623,49.4%,0,1922,97.4%,12572,1262,1973
2021-08-18,Canyon Country,7,1178,70.3%,0,104,67.5%,0,215,84.3%,1676,154,255
2021-08-18,Castaic,12,12412,51.6%,1,1013,50.0%,1,2024,89.6%,24050,2027,2259
2021-08-18,Charter Oak,27,7848,68.0%,3,597,65.8%,1,1501,81.3%,11546,907,1847
2021-08-18,Del Aire,6,2931,77.5%,0,218,75.4%,0,466,87.6%,3780,289,532
2021-08-18,Del Sur,8,1119,50.2%,2,75,50.3%,0,270,49.7%,2227,149,543
2021-08-18,Desert View Highlands,1,1218,56.9%,1,118,59.6%,0,221,64.8%,2141,198,341
2021-08-18,East La Mirada,10,3360,71.4%,1,243,63.6%,0,729,93.5%,4706,382,780
2021-08-18,East Los Angeles,144,71175,69.4%,23,7035,60.1%,6,11258,91.8%,102599,11709,12269
2021-08-18,East Pasadena,6,5361,79.3%,0,336,66.7%,0,1311,84.6%,6758,504,1549
2021-08-18,East Rancho Dominguez,36,7473,61.3%,13,771,50.6%,2,1073,92.7%,12183,1523,1157
2021-08-18,East Whittier,8,2774,60.4%,0,218,53.0%,1,586,83.6%,4590,411,701
2021-08-18,El Camino Village,16,5460,74.8%,5,422,58.0%,0,1011,98.2%,7300,727,1030
2021-08-18,Elizabeth Lake,0,527,34.7%,0,25,23.4%,0,125,46.3%,1517,107,270
2021-08-18,Florence-Graham,90,35827,69.0%,12,3541,55.2%,0,4546,94.6%,51924,6415,4803
2021-08-18,Hacienda Heights,64,38170,76.0%,11,2567,70.0%,5,9544,88.5%,50240,3666,10786
2021-08-18,Kagel/Lopez Canyons,1,600,51.4%,0,35,31.8%,0,132,48.0%,1167,110,275
2021-08-18,La Crescenta-Montrose,9,13981,78.1%,0,1292,99.7%,2,2921,92.8%,17899,1296,3147
2021-08-18,La Rambla,3,1018,57.0%,1,68,47.9%,1,251,73.2%,1785,142,343
2021-08-18,Ladera Heights,6,4652,72.4%,0,216,59.3%,1,1585,85.8%,6422,364,1847
2021-08-18,Lake Los Angeles,12,5280,48.8%,1,478,40.6%,0,1006,73.3%,10813,1178,1373
2021-08-18,Lake Manor,1,1026,69.8%,0,74,82.2%,0,215,70.5%,1470,90,305
2021-08-18,Lennox,29,12233,66.4%,7,1225,57.9%,2,1606,87.9%,18429,2116,1827
2021-08-18,Leona Valley,0,589,36.1%,0,14,16.9%,0,232,54.7%,1630,83,424
2021-08-18,Littlerock,3,1576,44.9%,0,133,42.5%,0,335,63.2%,3507,313,530
2021-08-18,Littlerock/Juniper Hills,0,706,55.3%,0,40,59.7%,0,234,62.2%,1277,67,376
2021-08-18,Littlerock/Pearblossom,2,1645,54.1%,0,154,54.0%,0,318,70.8%,3042,285,449
2021-08-18,Marina del Rey,12,7850,92.3%,0,127,68.3%,1,1204,90.7%,8508,186,1328
2021-08-18,North Lancaster,4,647,58.0%,0,35,36.8%,NA,245,100.0%,1116,95,245
2021-08-18,North Whittier,11,5059,70.0%,2,357,50.3%,0,1168,87.8%,7231,710,1330
2021-08-18,East San Gabriel,24,16485,77.8%,9,1301,79.3%,1,3506,84.5%,21191,1641,4148
2021-08-18,Pearblossom/Llano,1,511,29.2%,0,27,22.9%,0,144,32.2%,1748,118,447
2021-08-18,Quartz Hill,13,5581,49.3%,2,328,36.5%,4,1655,78.6%,11319,899,2106
2021-08-18,Rancho Dominguez,2,1860,77.3%,0,107,63.7%,0,439,69.9%,2407,168,628
2021-08-18,Rosewood,0,610,53.8%,0,45,42.1%,0,144,75.4%,1134,107,191
2021-08-18,Rosewood/East Gardena,2,792,74.4%,0,49,55.1%,0,159,74.0%,1064,89,215
2021-08-18,Rosewood/West Rancho Dominguez,2,1612,56.0%,0,152,49.7%,0,286,78.6%,2878,306,364
2021-08-18,Rowland Heights,31,35638,78.3%,4,2294,74.6%,0,8391,87.0%,45524,3075,9648
2021-08-18,San Jose Hills,31,12183,72.0%,4,940,54.3%,0,2062,93.0%,16912,1731,2217
2021-08-18,San Pasqual,0,1520,87.5%,0,107,81.1%,0,353,94.4%,1737,132,374
2021-08-18,Santa Monica Mountains,11,10958,64.4%,0,774,60.0%,2,2864,83.6%,17015,1291,3425
2021-08-18,South San Gabriel,7,6462,81.4%,0,419,73.4%,0,1620,91.4%,7942,571,1772
2021-08-18,South Whittier,84,34299,67.8%,13,2770,56.2%,4,5678,85.1%,50584,4933,6674
2021-08-18,Stevenson Ranch,15,14221,75.9%,2,1660,82.0%,1,1964,98.5%,18736,2024,1994
2021-08-18,Sun Village,8,3026,60.0%,1,274,53.1%,0,523,78.8%,5041,516,664
2021-08-18,Sunrise Village,0,830,74.1%,0,65,66.3%,NA,223,100.0%,1120,98,223
2021-08-18,Twin Lakes/Oat Mountain,0,1004,68.8%,0,57,58.2%,0,177,77.3%,1460,98,229
2021-08-18,Val Verde,4,1806,62.1%,0,162,56.3%,0,292,79.8%,2907,288,366
2021-08-18,Valencia,2,2271,88.3%,1,355,93.2%,NA,158,100.0%,2573,381,158
2021-08-18,Valinda,30,14548,73.6%,5,1136,59.8%,5,2618,94.1%,19756,1900,2783
2021-08-18,View Park/Windsor Hills,18,7489,70.8%,4,409,53.9%,0,2231,84.5%,10571,759,2639
2021-08-18,Walnut Park,26,9771,72.7%,5,876,61.2%,1,1672,97.1%,13438,1432,1722
2021-08-18,West Antelope Valley,7,483,34.2%,2,31,32.3%,1,148,40.9%,1414,96,362
2021-08-18,West Carson,29,15378,79.6%,5,871,68.3%,0,4005,91.5%,19327,1275,4376
2021-08-18,West Puente Valley,16,6186,73.5%,1,489,61.7%,1,1153,91.7%,8419,793,1257
2021-08-18,West Rancho Dominguez,3,712,61.3%,1,58,55.2%,0,167,77.7%,1161,105,215
2021-08-18,West Whittier/Los Nietos,31,16502,71.6%,5,1248,56.0%,1,3344,92.8%,23033,2229,3602
2021-08-18,Westfield/Academy Hills,3,1062,87.8%,2,86,96.6%,NA,335,100.0%,1210,89,335
2021-08-18,White Fence Farms,7,1685,48.3%,1,98,44.7%,0,531,69.1%,3491,219,768
2021-08-18,Willowbrook,43,17643,61.7%,10,1680,50.8%,3,2745,87.3%,28616,3308,3145
2021-08-18,Wiseburn,5,4075,79.1%,2,356,82.6%,0,735,89.9%,5152,431,818
2021-08-19,Acton,13,3287,45.2%,2,162,33.3%,1,924,63.4%,7269,486,1458
2021-08-19,Agua Dulce,0,1998,51.6%,0,96,43.0%,0,638,69.0%,3871,223,925
2021-08-19,Altadena,35,29559,75.9%,6,2117,66.9%,4,7518,92.4%,38928,3164,8134
2021-08-19,Anaverde,4,714,53.0%,2,40,36.7%,0,186,66.7%,1347,109,279
2021-08-19,Angeles National Forest,0,829,73.0%,NA,60,98.4%,0,172,81.5%,1136,61,211
2021-08-19,Athens Village,11,2915,72.0%,3,238,58.8%,NA,493,100.0%,4048,405,493
2021-08-19,Westmont,49,20182,57.3%,3,1671,43.7%,3,3665,82.7%,35234,3827,4431
2021-08-19,Avocado Heights,10,4036,69.8%,0,329,55.2%,1,671,84.0%,5780,596,799
2021-08-19,Bassett,15,9360,74.5%,4,627,49.7%,2,1924,97.5%,12572,1262,1973
2021-08-19,Canyon Country,2,1180,70.4%,0,104,67.5%,0,215,84.3%,1676,154,255
2021-08-19,Castaic,28,12440,51.7%,8,1021,50.4%,1,2025,89.6%,24050,2027,2259
2021-08-19,Charter Oak,17,7865,68.1%,3,600,66.2%,0,1501,81.3%,11546,907,1847
2021-08-19,Del Aire,2,2933,77.6%,1,219,75.8%,0,466,87.6%,3780,289,532
2021-08-19,Del Sur,2,1121,50.3%,1,76,51.0%,0,270,49.7%,2227,149,543
2021-08-19,Desert View Highlands,3,1221,57.0%,0,118,59.6%,1,222,65.1%,2141,198,341
2021-08-19,East La Mirada,10,3370,71.6%,1,244,63.9%,0,729,93.5%,4706,382,780
2021-08-19,East Los Angeles,150,71325,69.5%,19,7054,60.2%,9,11267,91.8%,102599,11709,12269
2021-08-19,East Pasadena,9,5370,79.5%,0,336,66.7%,1,1312,84.7%,6758,504,1549
2021-08-19,East Rancho Dominguez,22,7495,61.5%,3,774,50.8%,0,1073,92.7%,12183,1523,1157
2021-08-19,East Whittier,4,2778,60.5%,0,218,53.0%,0,586,83.6%,4590,411,701
2021-08-19,El Camino Village,13,5473,75.0%,7,429,59.0%,1,1012,98.3%,7300,727,1030
2021-08-19,Elizabeth Lake,2,529,34.9%,0,25,23.4%,0,125,46.3%,1517,107,270
2021-08-19,Florence-Graham,88,35915,69.2%,11,3552,55.4%,3,4549,94.7%,51924,6415,4803
2021-08-19,Hacienda Heights,51,38221,76.1%,8,2575,70.2%,4,9548,88.5%,50240,3666,10786
2021-08-19,Kagel/Lopez Canyons,2,602,51.6%,0,35,31.8%,0,132,48.0%,1167,110,275
2021-08-19,La Crescenta-Montrose,13,13994,78.2%,2,1294,99.8%,2,2923,92.9%,17899,1296,3147
2021-08-19,La Rambla,4,1022,57.3%,1,69,48.6%,0,251,73.2%,1785,142,343
2021-08-19,Ladera Heights,5,4657,72.5%,0,216,59.3%,1,1586,85.9%,6422,364,1847
2021-08-19,Lake Los Angeles,9,5289,48.9%,0,478,40.6%,1,1007,73.3%,10813,1178,1373
2021-08-19,Lake Manor,0,1026,69.8%,0,74,82.2%,0,215,70.5%,1470,90,305
2021-08-19,Lennox,22,12255,66.5%,5,1230,58.1%,0,1606,87.9%,18429,2116,1827
2021-08-19,Leona Valley,2,591,36.3%,0,14,16.9%,0,232,54.7%,1630,83,424
2021-08-19,Littlerock,3,1579,45.0%,0,133,42.5%,0,335,63.2%,3507,313,530
2021-08-19,Littlerock/Juniper Hills,0,706,55.3%,0,40,59.7%,0,234,62.2%,1277,67,376
2021-08-19,Littlerock/Pearblossom,2,1647,54.1%,1,155,54.4%,0,318,70.8%,3042,285,449
2021-08-19,Marina del Rey,9,7859,92.4%,0,127,68.3%,0,1204,90.7%,8508,186,1328
2021-08-19,North Lancaster,2,649,58.2%,0,35,36.8%,NA,245,100.0%,1116,95,245
2021-08-19,North Whittier,11,5070,70.1%,2,359,50.6%,0,1168,87.8%,7231,710,1330
2021-08-19,East San Gabriel,12,16497,77.8%,1,1302,79.3%,0,3506,84.5%,21191,1641,4148
2021-08-19,Pearblossom/Llano,1,512,29.3%,0,27,22.9%,1,145,32.4%,1748,118,447
2021-08-19,Quartz Hill,17,5598,49.5%,4,332,36.9%,1,1656,78.6%,11319,899,2106
2021-08-19,Rancho Dominguez,7,1867,77.6%,0,107,63.7%,1,440,70.1%,2407,168,628
2021-08-19,Rosewood,2,612,54.0%,0,45,42.1%,0,144,75.4%,1134,107,191
2021-08-19,Rosewood/East Gardena,2,794,74.6%,1,50,56.2%,0,159,74.0%,1064,89,215
2021-08-19,Rosewood/West Rancho Dominguez,7,1619,56.3%,0,152,49.7%,1,287,78.8%,2878,306,364
2021-08-19,Rowland Heights,30,35668,78.3%,0,2294,74.6%,2,8393,87.0%,45524,3075,9648
2021-08-19,San Jose Hills,38,12221,72.3%,9,949,54.8%,0,2062,93.0%,16912,1731,2217
2021-08-19,San Pasqual,0,1520,87.5%,0,107,81.1%,0,353,94.4%,1737,132,374
2021-08-19,Santa Monica Mountains,7,10965,64.4%,2,776,60.1%,1,2865,83.6%,17015,1291,3425
2021-08-19,South San Gabriel,10,6472,81.5%,0,419,73.4%,3,1623,91.6%,7942,571,1772
2021-08-19,South Whittier,72,34371,67.9%,19,2789,56.5%,0,5678,85.1%,50584,4933,6674
2021-08-19,Stevenson Ranch,21,14242,76.0%,6,1666,82.3%,1,1965,98.5%,18736,2024,1994
2021-08-19,Sun Village,13,3039,60.3%,3,277,53.7%,2,525,79.1%,5041,516,664
2021-08-19,Sunrise Village,2,832,74.3%,1,66,67.3%,NA,223,100.0%,1120,98,223
2021-08-19,Twin Lakes/Oat Mountain,5,1009,69.1%,0,57,58.2%,0,177,77.3%,1460,98,229
2021-08-19,Val Verde,1,1807,62.2%,0,162,56.3%,0,292,79.8%,2907,288,366
2021-08-19,Valencia,2,2273,88.3%,0,355,93.2%,NA,158,100.0%,2573,381,158
2021-08-19,Valinda,34,14582,73.8%,5,1141,60.1%,2,2620,94.1%,19756,1900,2783
2021-08-19,View Park/Windsor Hills,13,7502,71.0%,1,410,54.0%,1,2232,84.6%,10571,759,2639
2021-08-19,Walnut Park,23,9794,72.9%,3,879,61.4%,0,1672,97.1%,13438,1432,1722
2021-08-19,West Antelope Valley,2,485,34.3%,0,31,32.3%,1,149,41.2%,1414,96,362
2021-08-19,West Carson,15,15393,79.6%,1,872,68.4%,1,4006,91.5%,19327,1275,4376
2021-08-19,West Puente Valley,15,6201,73.7%,1,490,61.8%,5,1158,92.1%,8419,793,1257
2021-08-19,West Rancho Dominguez,1,713,61.4%,0,58,55.2%,0,167,77.7%,1161,105,215
2021-08-19,West Whittier/Los Nietos,26,16528,71.8%,3,1251,56.1%,0,3344,92.8%,23033,2229,3602
2021-08-19,Westfield/Academy Hills,0,1062,87.8%,0,86,96.6%,NA,335,100.0%,1210,89,335
2021-08-19,White Fence Farms,4,1689,48.4%,1,99,45.2%,1,532,69.3%,3491,219,768
2021-08-19,Willowbrook,73,17716,61.9%,14,1694,51.2%,5,2750,87.4%,28616,3308,3145
2021-08-19,Wiseburn,1,4076,79.1%,1,357,82.8%,0,735,89.9%,5152,431,818
2021-08-18,Los Angeles,4252,2443445,71%,593,160234,56%,297,435054,85%,3465740,285895,511084
2021-08-19,Los Angeles,4159,2447604,71%,528,160762,56%,286,435340,85%,3465740,285895,511084
